{
  "nodes": [
    {
      "op": "null", 
      "name": "0", 
      "inputs": []
    }, 
    {
      "op": "Pad", 
      "name": "pad0", 
      "attrs": {
        "mode": "constant", 
        "pad_width": "(0, 0, 0, 0, 1, 1, 1, 1)"
      }, 
      "inputs": [[0, 0, 0]]
    }, 
    {
      "op": "null", 
      "name": "1", 
      "attrs": {"__shape__": "(32, 3, 3, 3)"}, 
      "inputs": []
    }, 
    {
      "op": "null", 
      "name": "2", 
      "attrs": {"__shape__": "(32,)"}, 
      "inputs": []
    }, 
    {
      "op": "Convolution", 
      "name": "convolution0", 
      "attrs": {
        "dilate": "(1, 1)", 
        "kernel": "(3, 3)", 
        "no_bias": "False", 
        "num_filter": "32", 
        "num_group": "1", 
        "stride": "(2, 2)"
      }, 
      "inputs": [[1, 0, 0], [2, 0, 0], [3, 0, 0]]
    }, 
    {
      "op": "relu", 
      "name": "relu0", 
      "inputs": [[4, 0, 0]]
    }, 
    {
      "op": "Pad", 
      "name": "pad1", 
      "attrs": {
        "mode": "constant", 
        "pad_width": "(0, 0, 0, 0, 1, 1, 1, 1)"
      }, 
      "inputs": [[5, 0, 0]]
    }, 
    {
      "op": "null", 
      "name": "3", 
      "attrs": {"__shape__": "(32, 1, 3, 3)"}, 
      "inputs": []
    }, 
    {
      "op": "null", 
      "name": "4", 
      "attrs": {"__shape__": "(32,)"}, 
      "inputs": []
    }, 
    {
      "op": "Convolution", 
      "name": "convolution1", 
      "attrs": {
        "dilate": "(1, 1)", 
        "kernel": "(3, 3)", 
        "no_bias": "False", 
        "num_filter": "32", 
        "num_group": "32", 
        "stride": "(2, 2)"
      }, 
      "inputs": [[6, 0, 0], [7, 0, 0], [8, 0, 0]]
    }, 
    {
      "op": "relu", 
      "name": "relu1", 
      "inputs": [[9, 0, 0]]
    }, 
    {
      "op": "Pad", 
      "name": "pad2", 
      "attrs": {
        "mode": "constant", 
        "pad_width": "(0, 0, 0, 0, 0, 0, 0, 0)"
      }, 
      "inputs": [[10, 0, 0]]
    }, 
    {
      "op": "null", 
      "name": "5", 
      "attrs": {"__shape__": "(64, 32, 1, 1)"}, 
      "inputs": []
    }, 
    {
      "op": "null", 
      "name": "6", 
      "attrs": {"__shape__": "(64,)"}, 
      "inputs": []
    }, 
    {
      "op": "Convolution", 
      "name": "convolution2", 
      "attrs": {
        "dilate": "(1, 1)", 
        "kernel": "(1, 1)", 
        "no_bias": "False", 
        "num_filter": "64", 
        "num_group": "1", 
        "stride": "(1, 1)"
      }, 
      "inputs": [[11, 0, 0], [12, 0, 0], [13, 0, 0]]
    }, 
    {
      "op": "relu", 
      "name": "relu2", 
      "inputs": [[14, 0, 0]]
    }, 
    {
      "op": "Pad", 
      "name": "pad3", 
      "attrs": {
        "mode": "constant", 
        "pad_width": "(0, 0, 0, 0, 1, 1, 1, 1)"
      }, 
      "inputs": [[15, 0, 0]]
    }, 
    {
      "op": "null", 
      "name": "7", 
      "attrs": {"__shape__": "(64, 1, 3, 3)"}, 
      "inputs": []
    }, 
    {
      "op": "null", 
      "name": "8", 
      "attrs": {"__shape__": "(64,)"}, 
      "inputs": []
    }, 
    {
      "op": "Convolution", 
      "name": "convolution3", 
      "attrs": {
        "dilate": "(1, 1)", 
        "kernel": "(3, 3)", 
        "no_bias": "False", 
        "num_filter": "64", 
        "num_group": "64", 
        "stride": "(2, 2)"
      }, 
      "inputs": [[16, 0, 0], [17, 0, 0], [18, 0, 0]]
    }, 
    {
      "op": "relu", 
      "name": "relu3", 
      "inputs": [[19, 0, 0]]
    }, 
    {
      "op": "Pad", 
      "name": "pad4", 
      "attrs": {
        "mode": "constant", 
        "pad_width": "(0, 0, 0, 0, 0, 0, 0, 0)"
      }, 
      "inputs": [[20, 0, 0]]
    }, 
    {
      "op": "null", 
      "name": "9", 
      "attrs": {"__shape__": "(128, 64, 1, 1)"}, 
      "inputs": []
    }, 
    {
      "op": "null", 
      "name": "10", 
      "attrs": {"__shape__": "(128,)"}, 
      "inputs": []
    }, 
    {
      "op": "Convolution", 
      "name": "convolution4", 
      "attrs": {
        "dilate": "(1, 1)", 
        "kernel": "(1, 1)", 
        "no_bias": "False", 
        "num_filter": "128", 
        "num_group": "1", 
        "stride": "(1, 1)"
      }, 
      "inputs": [[21, 0, 0], [22, 0, 0], [23, 0, 0]]
    }, 
    {
      "op": "relu", 
      "name": "relu4", 
      "inputs": [[24, 0, 0]]
    }, 
    {
      "op": "Pad", 
      "name": "pad5", 
      "attrs": {
        "mode": "constant", 
        "pad_width": "(0, 0, 0, 0, 1, 1, 1, 1)"
      }, 
      "inputs": [[25, 0, 0]]
    }, 
    {
      "op": "null", 
      "name": "11", 
      "attrs": {"__shape__": "(128, 1, 3, 3)"}, 
      "inputs": []
    }, 
    {
      "op": "null", 
      "name": "12", 
      "attrs": {"__shape__": "(128,)"}, 
      "inputs": []
    }, 
    {
      "op": "Convolution", 
      "name": "convolution5", 
      "attrs": {
        "dilate": "(1, 1)", 
        "kernel": "(3, 3)", 
        "no_bias": "False", 
        "num_filter": "128", 
        "num_group": "128", 
        "stride": "(2, 2)"
      }, 
      "inputs": [[26, 0, 0], [27, 0, 0], [28, 0, 0]]
    }, 
    {
      "op": "relu", 
      "name": "relu5", 
      "inputs": [[29, 0, 0]]
    }, 
    {
      "op": "Pad", 
      "name": "pad6", 
      "attrs": {
        "mode": "constant", 
        "pad_width": "(0, 0, 0, 0, 0, 0, 0, 0)"
      }, 
      "inputs": [[30, 0, 0]]
    }, 
    {
      "op": "null", 
      "name": "13", 
      "attrs": {"__shape__": "(128, 128, 1, 1)"}, 
      "inputs": []
    }, 
    {
      "op": "null", 
      "name": "14", 
      "attrs": {"__shape__": "(128,)"}, 
      "inputs": []
    }, 
    {
      "op": "Convolution", 
      "name": "convolution6", 
      "attrs": {
        "dilate": "(1, 1)", 
        "kernel": "(1, 1)", 
        "no_bias": "False", 
        "num_filter": "128", 
        "num_group": "1", 
        "stride": "(1, 1)"
      }, 
      "inputs": [[31, 0, 0], [32, 0, 0], [33, 0, 0]]
    }, 
    {
      "op": "relu", 
      "name": "relu6", 
      "inputs": [[34, 0, 0]]
    }, 
    {
      "op": "Pad", 
      "name": "pad7", 
      "attrs": {
        "mode": "constant", 
        "pad_width": "(0, 0, 0, 0, 0, 0, 0, 0)"
      }, 
      "inputs": [[35, 0, 0]]
    }, 
    {
      "op": "Pooling", 
      "name": "pooling0", 
      "attrs": {
        "kernel": "(6, 6)", 
        "pool_type": "avg", 
        "stride": "(6, 6)"
      }, 
      "inputs": [[36, 0, 0]]
    }, 
    {
      "op": "Flatten", 
      "name": "flatten0", 
      "inputs": [[37, 0, 0]]
    }, 
    {
      "op": "Flatten", 
      "name": "flatten1", 
      "inputs": [[38, 0, 0]]
    }, 
    {
      "op": "null", 
      "name": "15", 
      "attrs": {"__shape__": "(1, 128)"}, 
      "inputs": []
    }, 
    {
      "op": "_linalg_gemm2", 
      "name": "linalg_gemm20", 
      "attrs": {
        "alpha": "1.0", 
        "transpose_a": "0", 
        "transpose_b": "1"
      }, 
      "inputs": [[39, 0, 0], [40, 0, 0]]
    }, 
    {
      "op": "null", 
      "name": "16", 
      "attrs": {"__shape__": "(1,)"}, 
      "inputs": []
    }, 
    {
      "op": "_mul_scalar", 
      "name": "_mulscalar0", 
      "attrs": {"scalar": "1.0"}, 
      "inputs": [[42, 0, 0]]
    }, 
    {
      "op": "broadcast_add", 
      "name": "broadcast_add0", 
      "inputs": [[41, 0, 0], [43, 0, 0]]
    }, 
    {
      "op": "sigmoid", 
      "name": "sigmoid0", 
      "inputs": [[44, 0, 0]]
    }
  ], 
  "arg_nodes": [
    0, 
    2, 
    3, 
    7, 
    8, 
    12, 
    13, 
    17, 
    18, 
    22, 
    23, 
    27, 
    28, 
    32, 
    33, 
    40, 
    42
  ], 
  "node_row_ptr": [
    0, 
    1, 
    2, 
    3, 
    4, 
    5, 
    6, 
    7, 
    8, 
    9, 
    10, 
    11, 
    12, 
    13, 
    14, 
    15, 
    16, 
    17, 
    18, 
    19, 
    20, 
    21, 
    22, 
    23, 
    24, 
    25, 
    26, 
    27, 
    28, 
    29, 
    30, 
    31, 
    32, 
    33, 
    34, 
    35, 
    36, 
    37, 
    38, 
    39, 
    40, 
    41, 
    42, 
    43, 
    44, 
    45, 
    46
  ], 
  "heads": [[45, 0, 0]], 
  "attrs": {"mxnet_version": ["int", 10500]}
}