{
  "nodes": [
    {
      "op": "null", 
      "name": "0", 
      "inputs": []
    }, 
    {
      "op": "Pad", 
      "name": "pad0", 
      "attrs": {
        "mode": "constant", 
        "pad_width": "(0, 0, 0, 0, 1, 1, 1, 1)"
      }, 
      "inputs": [[0, 0, 0]]
    }, 
    {
      "op": "null", 
      "name": "1", 
      "attrs": {"__shape__": "(32, 3, 3, 3)"}, 
      "inputs": []
    }, 
    {
      "op": "null", 
      "name": "2", 
      "attrs": {"__shape__": "(32,)"}, 
      "inputs": []
    }, 
    {
      "op": "Convolution", 
      "name": "convolution0", 
      "attrs": {
        "dilate": "(1, 1)", 
        "kernel": "(3, 3)", 
        "no_bias": "False", 
        "num_filter": "32", 
        "num_group": "1", 
        "stride": "(2, 2)"
      }, 
      "inputs": [[1, 0, 0], [2, 0, 0], [3, 0, 0]]
    }, 
    {
      "op": "relu", 
      "name": "relu0", 
      "inputs": [[4, 0, 0]]
    }, 
    {
      "op": "Pad", 
      "name": "pad1", 
      "attrs": {
        "mode": "constant", 
        "pad_width": "(0, 0, 0, 0, 1, 1, 1, 1)"
      }, 
      "inputs": [[5, 0, 0]]
    }, 
    {
      "op": "null", 
      "name": "3", 
      "attrs": {"__shape__": "(32, 1, 3, 3)"}, 
      "inputs": []
    }, 
    {
      "op": "null", 
      "name": "4", 
      "attrs": {"__shape__": "(32,)"}, 
      "inputs": []
    }, 
    {
      "op": "Convolution", 
      "name": "convolution1", 
      "attrs": {
        "dilate": "(1, 1)", 
        "kernel": "(3, 3)", 
        "no_bias": "False", 
        "num_filter": "32", 
        "num_group": "32", 
        "stride": "(1, 1)"
      }, 
      "inputs": [[6, 0, 0], [7, 0, 0], [8, 0, 0]]
    }, 
    {
      "op": "relu", 
      "name": "relu1", 
      "inputs": [[9, 0, 0]]
    }, 
    {
      "op": "Pad", 
      "name": "pad2", 
      "attrs": {
        "mode": "constant", 
        "pad_width": "(0, 0, 0, 0, 0, 0, 0, 0)"
      }, 
      "inputs": [[10, 0, 0]]
    }, 
    {
      "op": "null", 
      "name": "5", 
      "attrs": {"__shape__": "(16, 32, 1, 1)"}, 
      "inputs": []
    }, 
    {
      "op": "null", 
      "name": "6", 
      "attrs": {"__shape__": "(16,)"}, 
      "inputs": []
    }, 
    {
      "op": "Convolution", 
      "name": "convolution2", 
      "attrs": {
        "dilate": "(1, 1)", 
        "kernel": "(1, 1)", 
        "no_bias": "False", 
        "num_filter": "16", 
        "num_group": "1", 
        "stride": "(1, 1)"
      }, 
      "inputs": [[11, 0, 0], [12, 0, 0], [13, 0, 0]]
    }, 
    {
      "op": "Pad", 
      "name": "pad3", 
      "attrs": {
        "mode": "constant", 
        "pad_width": "(0, 0, 0, 0, 0, 0, 0, 0)"
      }, 
      "inputs": [[14, 0, 0]]
    }, 
    {
      "op": "null", 
      "name": "7", 
      "attrs": {"__shape__": "(96, 16, 1, 1)"}, 
      "inputs": []
    }, 
    {
      "op": "null", 
      "name": "8", 
      "attrs": {"__shape__": "(96,)"}, 
      "inputs": []
    }, 
    {
      "op": "Convolution", 
      "name": "convolution3", 
      "attrs": {
        "dilate": "(1, 1)", 
        "kernel": "(1, 1)", 
        "no_bias": "False", 
        "num_filter": "96", 
        "num_group": "1", 
        "stride": "(1, 1)"
      }, 
      "inputs": [[15, 0, 0], [16, 0, 0], [17, 0, 0]]
    }, 
    {
      "op": "relu", 
      "name": "relu2", 
      "inputs": [[18, 0, 0]]
    }, 
    {
      "op": "Pad", 
      "name": "pad4", 
      "attrs": {
        "mode": "constant", 
        "pad_width": "(0, 0, 0, 0, 1, 1, 1, 1)"
      }, 
      "inputs": [[19, 0, 0]]
    }, 
    {
      "op": "null", 
      "name": "9", 
      "attrs": {"__shape__": "(96, 1, 3, 3)"}, 
      "inputs": []
    }, 
    {
      "op": "null", 
      "name": "10", 
      "attrs": {"__shape__": "(96,)"}, 
      "inputs": []
    }, 
    {
      "op": "Convolution", 
      "name": "convolution4", 
      "attrs": {
        "dilate": "(1, 1)", 
        "kernel": "(3, 3)", 
        "no_bias": "False", 
        "num_filter": "96", 
        "num_group": "96", 
        "stride": "(2, 2)"
      }, 
      "inputs": [[20, 0, 0], [21, 0, 0], [22, 0, 0]]
    }, 
    {
      "op": "relu", 
      "name": "relu3", 
      "inputs": [[23, 0, 0]]
    }, 
    {
      "op": "Pad", 
      "name": "pad5", 
      "attrs": {
        "mode": "constant", 
        "pad_width": "(0, 0, 0, 0, 0, 0, 0, 0)"
      }, 
      "inputs": [[24, 0, 0]]
    }, 
    {
      "op": "null", 
      "name": "11", 
      "attrs": {"__shape__": "(24, 96, 1, 1)"}, 
      "inputs": []
    }, 
    {
      "op": "null", 
      "name": "12", 
      "attrs": {"__shape__": "(24,)"}, 
      "inputs": []
    }, 
    {
      "op": "Convolution", 
      "name": "convolution5", 
      "attrs": {
        "dilate": "(1, 1)", 
        "kernel": "(1, 1)", 
        "no_bias": "False", 
        "num_filter": "24", 
        "num_group": "1", 
        "stride": "(1, 1)"
      }, 
      "inputs": [[25, 0, 0], [26, 0, 0], [27, 0, 0]]
    }, 
    {
      "op": "Pad", 
      "name": "pad6", 
      "attrs": {
        "mode": "constant", 
        "pad_width": "(0, 0, 0, 0, 0, 0, 0, 0)"
      }, 
      "inputs": [[28, 0, 0]]
    }, 
    {
      "op": "null", 
      "name": "13", 
      "attrs": {"__shape__": "(144, 24, 1, 1)"}, 
      "inputs": []
    }, 
    {
      "op": "null", 
      "name": "14", 
      "attrs": {"__shape__": "(144,)"}, 
      "inputs": []
    }, 
    {
      "op": "Convolution", 
      "name": "convolution6", 
      "attrs": {
        "dilate": "(1, 1)", 
        "kernel": "(1, 1)", 
        "no_bias": "False", 
        "num_filter": "144", 
        "num_group": "1", 
        "stride": "(1, 1)"
      }, 
      "inputs": [[29, 0, 0], [30, 0, 0], [31, 0, 0]]
    }, 
    {
      "op": "relu", 
      "name": "relu4", 
      "inputs": [[32, 0, 0]]
    }, 
    {
      "op": "Pad", 
      "name": "pad7", 
      "attrs": {
        "mode": "constant", 
        "pad_width": "(0, 0, 0, 0, 1, 1, 1, 1)"
      }, 
      "inputs": [[33, 0, 0]]
    }, 
    {
      "op": "null", 
      "name": "15", 
      "attrs": {"__shape__": "(144, 1, 3, 3)"}, 
      "inputs": []
    }, 
    {
      "op": "null", 
      "name": "16", 
      "attrs": {"__shape__": "(144,)"}, 
      "inputs": []
    }, 
    {
      "op": "Convolution", 
      "name": "convolution7", 
      "attrs": {
        "dilate": "(1, 1)", 
        "kernel": "(3, 3)", 
        "no_bias": "False", 
        "num_filter": "144", 
        "num_group": "144", 
        "stride": "(2, 2)"
      }, 
      "inputs": [[34, 0, 0], [35, 0, 0], [36, 0, 0]]
    }, 
    {
      "op": "relu", 
      "name": "relu5", 
      "inputs": [[37, 0, 0]]
    }, 
    {
      "op": "Pad", 
      "name": "pad8", 
      "attrs": {
        "mode": "constant", 
        "pad_width": "(0, 0, 0, 0, 0, 0, 0, 0)"
      }, 
      "inputs": [[38, 0, 0]]
    }, 
    {
      "op": "null", 
      "name": "17", 
      "attrs": {"__shape__": "(32, 144, 1, 1)"}, 
      "inputs": []
    }, 
    {
      "op": "null", 
      "name": "18", 
      "attrs": {"__shape__": "(32,)"}, 
      "inputs": []
    }, 
    {
      "op": "Convolution", 
      "name": "convolution8", 
      "attrs": {
        "dilate": "(1, 1)", 
        "kernel": "(1, 1)", 
        "no_bias": "False", 
        "num_filter": "32", 
        "num_group": "1", 
        "stride": "(1, 1)"
      }, 
      "inputs": [[39, 0, 0], [40, 0, 0], [41, 0, 0]]
    }, 
    {
      "op": "Pad", 
      "name": "pad9", 
      "attrs": {
        "mode": "constant", 
        "pad_width": "(0, 0, 0, 0, 0, 0, 0, 0)"
      }, 
      "inputs": [[42, 0, 0]]
    }, 
    {
      "op": "null", 
      "name": "19", 
      "attrs": {"__shape__": "(192, 32, 1, 1)"}, 
      "inputs": []
    }, 
    {
      "op": "null", 
      "name": "20", 
      "attrs": {"__shape__": "(192,)"}, 
      "inputs": []
    }, 
    {
      "op": "Convolution", 
      "name": "convolution9", 
      "attrs": {
        "dilate": "(1, 1)", 
        "kernel": "(1, 1)", 
        "no_bias": "False", 
        "num_filter": "192", 
        "num_group": "1", 
        "stride": "(1, 1)"
      }, 
      "inputs": [[43, 0, 0], [44, 0, 0], [45, 0, 0]]
    }, 
    {
      "op": "relu", 
      "name": "relu6", 
      "inputs": [[46, 0, 0]]
    }, 
    {
      "op": "Pad", 
      "name": "pad10", 
      "attrs": {
        "mode": "constant", 
        "pad_width": "(0, 0, 0, 0, 1, 1, 1, 1)"
      }, 
      "inputs": [[47, 0, 0]]
    }, 
    {
      "op": "null", 
      "name": "21", 
      "attrs": {"__shape__": "(192, 1, 3, 3)"}, 
      "inputs": []
    }, 
    {
      "op": "null", 
      "name": "22", 
      "attrs": {"__shape__": "(192,)"}, 
      "inputs": []
    }, 
    {
      "op": "Convolution", 
      "name": "convolution10", 
      "attrs": {
        "dilate": "(1, 1)", 
        "kernel": "(3, 3)", 
        "no_bias": "False", 
        "num_filter": "192", 
        "num_group": "192", 
        "stride": "(2, 2)"
      }, 
      "inputs": [[48, 0, 0], [49, 0, 0], [50, 0, 0]]
    }, 
    {
      "op": "relu", 
      "name": "relu7", 
      "inputs": [[51, 0, 0]]
    }, 
    {
      "op": "Pad", 
      "name": "pad11", 
      "attrs": {
        "mode": "constant", 
        "pad_width": "(0, 0, 0, 0, 0, 0, 0, 0)"
      }, 
      "inputs": [[52, 0, 0]]
    }, 
    {
      "op": "null", 
      "name": "23", 
      "attrs": {"__shape__": "(48, 192, 1, 1)"}, 
      "inputs": []
    }, 
    {
      "op": "null", 
      "name": "24", 
      "attrs": {"__shape__": "(48,)"}, 
      "inputs": []
    }, 
    {
      "op": "Convolution", 
      "name": "convolution11", 
      "attrs": {
        "dilate": "(1, 1)", 
        "kernel": "(1, 1)", 
        "no_bias": "False", 
        "num_filter": "48", 
        "num_group": "1", 
        "stride": "(1, 1)"
      }, 
      "inputs": [[53, 0, 0], [54, 0, 0], [55, 0, 0]]
    }, 
    {
      "op": "Pad", 
      "name": "pad12", 
      "attrs": {
        "mode": "edge", 
        "pad_width": "(0, 0, 0, 0, 0, 0, 0, 0)"
      }, 
      "inputs": [[56, 0, 0]]
    }, 
    {
      "op": "Pooling", 
      "name": "pooling0", 
      "attrs": {
        "kernel": "(2, 2)", 
        "pool_type": "max", 
        "stride": "(2, 2)"
      }, 
      "inputs": [[57, 0, 0]]
    }, 
    {
      "op": "Pad", 
      "name": "pad13", 
      "attrs": {
        "mode": "constant", 
        "pad_width": "(0, 0, 0, 0, 0, 0, 0, 0)"
      }, 
      "inputs": [[58, 0, 0]]
    }, 
    {
      "op": "null", 
      "name": "25", 
      "attrs": {"__shape__": "(192, 48, 1, 1)"}, 
      "inputs": []
    }, 
    {
      "op": "null", 
      "name": "26", 
      "attrs": {"__shape__": "(192,)"}, 
      "inputs": []
    }, 
    {
      "op": "Convolution", 
      "name": "convolution12", 
      "attrs": {
        "dilate": "(1, 1)", 
        "kernel": "(1, 1)", 
        "no_bias": "False", 
        "num_filter": "192", 
        "num_group": "1", 
        "stride": "(1, 1)"
      }, 
      "inputs": [[59, 0, 0], [60, 0, 0], [61, 0, 0]]
    }, 
    {
      "op": "relu", 
      "name": "relu8", 
      "inputs": [[62, 0, 0]]
    }, 
    {
      "op": "_contrib_BilinearResize2D", 
      "name": "bilinearresize2d0", 
      "attrs": {
        "scale_height": "2.0", 
        "scale_width": "2.0"
      }, 
      "inputs": [[63, 0, 0]]
    }, 
    {
      "op": "Pad", 
      "name": "pad14", 
      "attrs": {
        "mode": "constant", 
        "pad_width": "(0, 0, 0, 0, 1, 1, 1, 1)"
      }, 
      "inputs": [[64, 0, 0]]
    }, 
    {
      "op": "null", 
      "name": "27", 
      "attrs": {"__shape__": "(192, 1, 3, 3)"}, 
      "inputs": []
    }, 
    {
      "op": "null", 
      "name": "28", 
      "attrs": {"__shape__": "(192,)"}, 
      "inputs": []
    }, 
    {
      "op": "Convolution", 
      "name": "convolution13", 
      "attrs": {
        "dilate": "(1, 1)", 
        "kernel": "(3, 3)", 
        "no_bias": "False", 
        "num_filter": "192", 
        "num_group": "192", 
        "stride": "(1, 1)"
      }, 
      "inputs": [[65, 0, 0], [66, 0, 0], [67, 0, 0]]
    }, 
    {
      "op": "relu", 
      "name": "relu9", 
      "inputs": [[68, 0, 0]]
    }, 
    {
      "op": "Pad", 
      "name": "pad15", 
      "attrs": {
        "mode": "constant", 
        "pad_width": "(0, 0, 0, 0, 0, 0, 0, 0)"
      }, 
      "inputs": [[69, 0, 0]]
    }, 
    {
      "op": "null", 
      "name": "29", 
      "attrs": {"__shape__": "(72, 192, 1, 1)"}, 
      "inputs": []
    }, 
    {
      "op": "null", 
      "name": "30", 
      "attrs": {"__shape__": "(72,)"}, 
      "inputs": []
    }, 
    {
      "op": "Convolution", 
      "name": "convolution14", 
      "attrs": {
        "dilate": "(1, 1)", 
        "kernel": "(1, 1)", 
        "no_bias": "False", 
        "num_filter": "72", 
        "num_group": "1", 
        "stride": "(1, 1)"
      }, 
      "inputs": [[70, 0, 0], [71, 0, 0], [72, 0, 0]]
    }, 
    {
      "op": "Concat", 
      "name": "concat0", 
      "attrs": {
        "dim": "1", 
        "num_args": "2"
      }, 
      "inputs": [[73, 0, 0], [56, 0, 0]]
    }, 
    {
      "op": "Pad", 
      "name": "pad16", 
      "attrs": {
        "mode": "constant", 
        "pad_width": "(0, 0, 0, 0, 0, 0, 0, 0)"
      }, 
      "inputs": [[74, 0, 0]]
    }, 
    {
      "op": "null", 
      "name": "31", 
      "attrs": {"__shape__": "(144, 120, 1, 1)"}, 
      "inputs": []
    }, 
    {
      "op": "null", 
      "name": "32", 
      "attrs": {"__shape__": "(144,)"}, 
      "inputs": []
    }, 
    {
      "op": "Convolution", 
      "name": "convolution15", 
      "attrs": {
        "dilate": "(1, 1)", 
        "kernel": "(1, 1)", 
        "no_bias": "False", 
        "num_filter": "144", 
        "num_group": "1", 
        "stride": "(1, 1)"
      }, 
      "inputs": [[75, 0, 0], [76, 0, 0], [77, 0, 0]]
    }, 
    {
      "op": "relu", 
      "name": "relu10", 
      "inputs": [[78, 0, 0]]
    }, 
    {
      "op": "_contrib_BilinearResize2D", 
      "name": "bilinearresize2d1", 
      "attrs": {
        "scale_height": "2.0", 
        "scale_width": "2.0"
      }, 
      "inputs": [[79, 0, 0]]
    }, 
    {
      "op": "Pad", 
      "name": "pad17", 
      "attrs": {
        "mode": "constant", 
        "pad_width": "(0, 0, 0, 0, 1, 1, 1, 1)"
      }, 
      "inputs": [[80, 0, 0]]
    }, 
    {
      "op": "null", 
      "name": "33", 
      "attrs": {"__shape__": "(144, 1, 3, 3)"}, 
      "inputs": []
    }, 
    {
      "op": "null", 
      "name": "34", 
      "attrs": {"__shape__": "(144,)"}, 
      "inputs": []
    }, 
    {
      "op": "Convolution", 
      "name": "convolution16", 
      "attrs": {
        "dilate": "(1, 1)", 
        "kernel": "(3, 3)", 
        "no_bias": "False", 
        "num_filter": "144", 
        "num_group": "144", 
        "stride": "(1, 1)"
      }, 
      "inputs": [[81, 0, 0], [82, 0, 0], [83, 0, 0]]
    }, 
    {
      "op": "relu", 
      "name": "relu11", 
      "inputs": [[84, 0, 0]]
    }, 
    {
      "op": "Pad", 
      "name": "pad18", 
      "attrs": {
        "mode": "constant", 
        "pad_width": "(0, 0, 0, 0, 0, 0, 0, 0)"
      }, 
      "inputs": [[85, 0, 0]]
    }, 
    {
      "op": "null", 
      "name": "35", 
      "attrs": {"__shape__": "(48, 144, 1, 1)"}, 
      "inputs": []
    }, 
    {
      "op": "null", 
      "name": "36", 
      "attrs": {"__shape__": "(48,)"}, 
      "inputs": []
    }, 
    {
      "op": "Convolution", 
      "name": "convolution17", 
      "attrs": {
        "dilate": "(1, 1)", 
        "kernel": "(1, 1)", 
        "no_bias": "False", 
        "num_filter": "48", 
        "num_group": "1", 
        "stride": "(1, 1)"
      }, 
      "inputs": [[86, 0, 0], [87, 0, 0], [88, 0, 0]]
    }, 
    {
      "op": "Concat", 
      "name": "concat1", 
      "attrs": {
        "dim": "1", 
        "num_args": "2"
      }, 
      "inputs": [[89, 0, 0], [42, 0, 0]]
    }, 
    {
      "op": "Pad", 
      "name": "pad19", 
      "attrs": {
        "mode": "constant", 
        "pad_width": "(0, 0, 0, 0, 0, 0, 0, 0)"
      }, 
      "inputs": [[90, 0, 0]]
    }, 
    {
      "op": "null", 
      "name": "37", 
      "attrs": {"__shape__": "(96, 80, 1, 1)"}, 
      "inputs": []
    }, 
    {
      "op": "null", 
      "name": "38", 
      "attrs": {"__shape__": "(96,)"}, 
      "inputs": []
    }, 
    {
      "op": "Convolution", 
      "name": "convolution18", 
      "attrs": {
        "dilate": "(1, 1)", 
        "kernel": "(1, 1)", 
        "no_bias": "False", 
        "num_filter": "96", 
        "num_group": "1", 
        "stride": "(1, 1)"
      }, 
      "inputs": [[91, 0, 0], [92, 0, 0], [93, 0, 0]]
    }, 
    {
      "op": "relu", 
      "name": "relu12", 
      "inputs": [[94, 0, 0]]
    }, 
    {
      "op": "_contrib_BilinearResize2D", 
      "name": "bilinearresize2d2", 
      "attrs": {
        "scale_height": "2.0", 
        "scale_width": "2.0"
      }, 
      "inputs": [[95, 0, 0]]
    }, 
    {
      "op": "Pad", 
      "name": "pad20", 
      "attrs": {
        "mode": "constant", 
        "pad_width": "(0, 0, 0, 0, 1, 1, 1, 1)"
      }, 
      "inputs": [[96, 0, 0]]
    }, 
    {
      "op": "null", 
      "name": "39", 
      "attrs": {"__shape__": "(96, 1, 3, 3)"}, 
      "inputs": []
    }, 
    {
      "op": "null", 
      "name": "40", 
      "attrs": {"__shape__": "(96,)"}, 
      "inputs": []
    }, 
    {
      "op": "Convolution", 
      "name": "convolution19", 
      "attrs": {
        "dilate": "(1, 1)", 
        "kernel": "(3, 3)", 
        "no_bias": "False", 
        "num_filter": "96", 
        "num_group": "96", 
        "stride": "(1, 1)"
      }, 
      "inputs": [[97, 0, 0], [98, 0, 0], [99, 0, 0]]
    }, 
    {
      "op": "relu", 
      "name": "relu13", 
      "inputs": [[100, 0, 0]]
    }, 
    {
      "op": "Pad", 
      "name": "pad21", 
      "attrs": {
        "mode": "constant", 
        "pad_width": "(0, 0, 0, 0, 0, 0, 0, 0)"
      }, 
      "inputs": [[101, 0, 0]]
    }, 
    {
      "op": "null", 
      "name": "41", 
      "attrs": {"__shape__": "(36, 96, 1, 1)"}, 
      "inputs": []
    }, 
    {
      "op": "null", 
      "name": "42", 
      "attrs": {"__shape__": "(36,)"}, 
      "inputs": []
    }, 
    {
      "op": "Convolution", 
      "name": "convolution20", 
      "attrs": {
        "dilate": "(1, 1)", 
        "kernel": "(1, 1)", 
        "no_bias": "False", 
        "num_filter": "36", 
        "num_group": "1", 
        "stride": "(1, 1)"
      }, 
      "inputs": [[102, 0, 0], [103, 0, 0], [104, 0, 0]]
    }, 
    {
      "op": "Concat", 
      "name": "concat2", 
      "attrs": {
        "dim": "1", 
        "num_args": "2"
      }, 
      "inputs": [[105, 0, 0], [28, 0, 0]]
    }, 
    {
      "op": "Pad", 
      "name": "pad22", 
      "attrs": {
        "mode": "constant", 
        "pad_width": "(0, 0, 0, 0, 0, 0, 0, 0)"
      }, 
      "inputs": [[106, 0, 0]]
    }, 
    {
      "op": "null", 
      "name": "43", 
      "attrs": {"__shape__": "(72, 60, 1, 1)"}, 
      "inputs": []
    }, 
    {
      "op": "null", 
      "name": "44", 
      "attrs": {"__shape__": "(72,)"}, 
      "inputs": []
    }, 
    {
      "op": "Convolution", 
      "name": "convolution21", 
      "attrs": {
        "dilate": "(1, 1)", 
        "kernel": "(1, 1)", 
        "no_bias": "False", 
        "num_filter": "72", 
        "num_group": "1", 
        "stride": "(1, 1)"
      }, 
      "inputs": [[107, 0, 0], [108, 0, 0], [109, 0, 0]]
    }, 
    {
      "op": "relu", 
      "name": "relu14", 
      "inputs": [[110, 0, 0]]
    }, 
    {
      "op": "_contrib_BilinearResize2D", 
      "name": "bilinearresize2d3", 
      "attrs": {
        "scale_height": "2.0", 
        "scale_width": "2.0"
      }, 
      "inputs": [[111, 0, 0]]
    }, 
    {
      "op": "Pad", 
      "name": "pad23", 
      "attrs": {
        "mode": "constant", 
        "pad_width": "(0, 0, 0, 0, 1, 1, 1, 1)"
      }, 
      "inputs": [[112, 0, 0]]
    }, 
    {
      "op": "null", 
      "name": "45", 
      "attrs": {"__shape__": "(72, 1, 3, 3)"}, 
      "inputs": []
    }, 
    {
      "op": "null", 
      "name": "46", 
      "attrs": {"__shape__": "(72,)"}, 
      "inputs": []
    }, 
    {
      "op": "Convolution", 
      "name": "convolution22", 
      "attrs": {
        "dilate": "(1, 1)", 
        "kernel": "(3, 3)", 
        "no_bias": "False", 
        "num_filter": "72", 
        "num_group": "72", 
        "stride": "(1, 1)"
      }, 
      "inputs": [[113, 0, 0], [114, 0, 0], [115, 0, 0]]
    }, 
    {
      "op": "relu", 
      "name": "relu15", 
      "inputs": [[116, 0, 0]]
    }, 
    {
      "op": "Pad", 
      "name": "pad24", 
      "attrs": {
        "mode": "constant", 
        "pad_width": "(0, 0, 0, 0, 0, 0, 0, 0)"
      }, 
      "inputs": [[117, 0, 0]]
    }, 
    {
      "op": "null", 
      "name": "47", 
      "attrs": {"__shape__": "(24, 72, 1, 1)"}, 
      "inputs": []
    }, 
    {
      "op": "null", 
      "name": "48", 
      "attrs": {"__shape__": "(24,)"}, 
      "inputs": []
    }, 
    {
      "op": "Convolution", 
      "name": "convolution23", 
      "attrs": {
        "dilate": "(1, 1)", 
        "kernel": "(1, 1)", 
        "no_bias": "False", 
        "num_filter": "24", 
        "num_group": "1", 
        "stride": "(1, 1)"
      }, 
      "inputs": [[118, 0, 0], [119, 0, 0], [120, 0, 0]]
    }, 
    {
      "op": "Concat", 
      "name": "concat3", 
      "attrs": {
        "dim": "1", 
        "num_args": "2"
      }, 
      "inputs": [[121, 0, 0], [14, 0, 0]]
    }, 
    {
      "op": "Pad", 
      "name": "pad25", 
      "attrs": {
        "mode": "constant", 
        "pad_width": "(0, 0, 0, 0, 0, 0, 0, 0)"
      }, 
      "inputs": [[122, 0, 0]]
    }, 
    {
      "op": "null", 
      "name": "49", 
      "attrs": {"__shape__": "(48, 40, 1, 1)"}, 
      "inputs": []
    }, 
    {
      "op": "null", 
      "name": "50", 
      "attrs": {"__shape__": "(48,)"}, 
      "inputs": []
    }, 
    {
      "op": "Convolution", 
      "name": "convolution24", 
      "attrs": {
        "dilate": "(1, 1)", 
        "kernel": "(1, 1)", 
        "no_bias": "False", 
        "num_filter": "48", 
        "num_group": "1", 
        "stride": "(1, 1)"
      }, 
      "inputs": [[123, 0, 0], [124, 0, 0], [125, 0, 0]]
    }, 
    {
      "op": "relu", 
      "name": "relu16", 
      "inputs": [[126, 0, 0]]
    }, 
    {
      "op": "_contrib_BilinearResize2D", 
      "name": "bilinearresize2d4", 
      "attrs": {
        "scale_height": "2.0", 
        "scale_width": "2.0"
      }, 
      "inputs": [[127, 0, 0]]
    }, 
    {
      "op": "Pad", 
      "name": "pad26", 
      "attrs": {
        "mode": "constant", 
        "pad_width": "(0, 0, 0, 0, 1, 1, 1, 1)"
      }, 
      "inputs": [[128, 0, 0]]
    }, 
    {
      "op": "null", 
      "name": "51", 
      "attrs": {"__shape__": "(48, 1, 3, 3)"}, 
      "inputs": []
    }, 
    {
      "op": "null", 
      "name": "52", 
      "attrs": {"__shape__": "(48,)"}, 
      "inputs": []
    }, 
    {
      "op": "Convolution", 
      "name": "convolution25", 
      "attrs": {
        "dilate": "(1, 1)", 
        "kernel": "(3, 3)", 
        "no_bias": "False", 
        "num_filter": "48", 
        "num_group": "48", 
        "stride": "(1, 1)"
      }, 
      "inputs": [[129, 0, 0], [130, 0, 0], [131, 0, 0]]
    }, 
    {
      "op": "relu", 
      "name": "relu17", 
      "inputs": [[132, 0, 0]]
    }, 
    {
      "op": "Pad", 
      "name": "pad27", 
      "attrs": {
        "mode": "constant", 
        "pad_width": "(0, 0, 0, 0, 0, 0, 0, 0)"
      }, 
      "inputs": [[133, 0, 0]]
    }, 
    {
      "op": "null", 
      "name": "53", 
      "attrs": {"__shape__": "(12, 48, 1, 1)"}, 
      "inputs": []
    }, 
    {
      "op": "null", 
      "name": "54", 
      "attrs": {"__shape__": "(12,)"}, 
      "inputs": []
    }, 
    {
      "op": "Convolution", 
      "name": "convolution26", 
      "attrs": {
        "dilate": "(1, 1)", 
        "kernel": "(1, 1)", 
        "no_bias": "False", 
        "num_filter": "12", 
        "num_group": "1", 
        "stride": "(1, 1)"
      }, 
      "inputs": [[134, 0, 0], [135, 0, 0], [136, 0, 0]]
    }, 
    {
      "op": "_contrib_BilinearResize2D", 
      "name": "bilinearresize2d7", 
      "attrs": {
        "scale_height": "2.0", 
        "scale_width": "2.0"
      }, 
      "inputs": [[121, 0, 0]]
    }, 
    {
      "op": "_contrib_BilinearResize2D", 
      "name": "bilinearresize2d6", 
      "attrs": {
        "scale_height": "4.0", 
        "scale_width": "4.0"
      }, 
      "inputs": [[105, 0, 0]]
    }, 
    {
      "op": "_contrib_BilinearResize2D", 
      "name": "bilinearresize2d5", 
      "attrs": {
        "scale_height": "8.0", 
        "scale_width": "8.0"
      }, 
      "inputs": [[89, 0, 0]]
    }, 
    {
      "op": "Concat", 
      "name": "concat4", 
      "attrs": {
        "dim": "1", 
        "num_args": "4"
      }, 
      "inputs": [[137, 0, 0], [138, 0, 0], [139, 0, 0], [140, 0, 0]]
    }, 
    {
      "op": "Pad", 
      "name": "pad28", 
      "attrs": {
        "mode": "constant", 
        "pad_width": "(0, 0, 0, 0, 0, 0, 0, 0)"
      }, 
      "inputs": [[141, 0, 0]]
    }, 
    {
      "op": "null", 
      "name": "55", 
      "attrs": {"__shape__": "(10, 120, 1, 1)"}, 
      "inputs": []
    }, 
    {
      "op": "null", 
      "name": "56", 
      "attrs": {"__shape__": "(10,)"}, 
      "inputs": []
    }, 
    {
      "op": "Convolution", 
      "name": "convolution27", 
      "attrs": {
        "dilate": "(1, 1)", 
        "kernel": "(1, 1)", 
        "no_bias": "False", 
        "num_filter": "10", 
        "num_group": "1", 
        "stride": "(1, 1)"
      }, 
      "inputs": [[142, 0, 0], [143, 0, 0], [144, 0, 0]]
    }, 
    {
      "op": "Pad", 
      "name": "pad29", 
      "attrs": {
        "mode": "constant", 
        "pad_width": "(0, 0, 0, 0, 0, 0, 0, 0)"
      }, 
      "inputs": [[145, 0, 0]]
    }, 
    {
      "op": "null", 
      "name": "57", 
      "attrs": {"__shape__": "(1, 10, 1, 1)"}, 
      "inputs": []
    }, 
    {
      "op": "Convolution", 
      "name": "convolution28", 
      "attrs": {
        "dilate": "(1, 1)", 
        "kernel": "(1, 1)", 
        "no_bias": "True", 
        "num_filter": "1", 
        "num_group": "1", 
        "stride": "(1, 1)"
      }, 
      "inputs": [[146, 0, 0], [147, 0, 0]]
    }
  ], 
  "arg_nodes": [
    0, 
    2, 
    3, 
    7, 
    8, 
    12, 
    13, 
    16, 
    17, 
    21, 
    22, 
    26, 
    27, 
    30, 
    31, 
    35, 
    36, 
    40, 
    41, 
    44, 
    45, 
    49, 
    50, 
    54, 
    55, 
    60, 
    61, 
    66, 
    67, 
    71, 
    72, 
    76, 
    77, 
    82, 
    83, 
    87, 
    88, 
    92, 
    93, 
    98, 
    99, 
    103, 
    104, 
    108, 
    109, 
    114, 
    115, 
    119, 
    120, 
    124, 
    125, 
    130, 
    131, 
    135, 
    136, 
    143, 
    144, 
    147
  ], 
  "node_row_ptr": [
    0, 
    1, 
    2, 
    3, 
    4, 
    5, 
    6, 
    7, 
    8, 
    9, 
    10, 
    11, 
    12, 
    13, 
    14, 
    15, 
    16, 
    17, 
    18, 
    19, 
    20, 
    21, 
    22, 
    23, 
    24, 
    25, 
    26, 
    27, 
    28, 
    29, 
    30, 
    31, 
    32, 
    33, 
    34, 
    35, 
    36, 
    37, 
    38, 
    39, 
    40, 
    41, 
    42, 
    43, 
    44, 
    45, 
    46, 
    47, 
    48, 
    49, 
    50, 
    51, 
    52, 
    53, 
    54, 
    55, 
    56, 
    57, 
    58, 
    59, 
    60, 
    61, 
    62, 
    63, 
    64, 
    65, 
    66, 
    67, 
    68, 
    69, 
    70, 
    71, 
    72, 
    73, 
    74, 
    75, 
    76, 
    77, 
    78, 
    79, 
    80, 
    81, 
    82, 
    83, 
    84, 
    85, 
    86, 
    87, 
    88, 
    89, 
    90, 
    91, 
    92, 
    93, 
    94, 
    95, 
    96, 
    97, 
    98, 
    99, 
    100, 
    101, 
    102, 
    103, 
    104, 
    105, 
    106, 
    107, 
    108, 
    109, 
    110, 
    111, 
    112, 
    113, 
    114, 
    115, 
    116, 
    117, 
    118, 
    119, 
    120, 
    121, 
    122, 
    123, 
    124, 
    125, 
    126, 
    127, 
    128, 
    129, 
    130, 
    131, 
    132, 
    133, 
    134, 
    135, 
    136, 
    137, 
    138, 
    139, 
    140, 
    141, 
    142, 
    143, 
    144, 
    145, 
    146, 
    147, 
    148, 
    149
  ], 
  "heads": [[148, 0, 0]], 
  "attrs": {"mxnet_version": ["int", 10500]}
}