id,predicted
0,33
1,22
2,26
3,25
4,16
5,6
6,45
7,20
8,13
9,4
10,26
11,8
12,27
13,13
14,29
15,34
16,19
17,15
18,4
19,64
20,6
21,58
22,18
23,17
24,3
25,25
26,38
27,20
28,8
29,31
30,35
31,15
32,16
33,7
34,10
35,7
36,28
37,6
38,54
39,23
40,14
41,11
42,14
43,5
44,27
45,4
46,40
47,8
48,3
49,33
50,36
51,37
52,6
53,34
54,6
55,15
56,21
57,35
58,66
59,5
60,6
61,9
62,26
63,30
64,633
65,59
66,28
67,37
68,29
69,21
70,19
71,4
72,26
73,3
74,5
75,15
76,31
77,29
78,12
79,15
80,11
81,14
82,26
83,28
84,25
85,17
86,20
87,13
88,22
89,22
90,19
91,11
92,13
93,6
94,45
95,9
96,5
97,33
98,13
99,26
100,61
101,139
102,9
103,4
104,18
105,17
106,5
107,26
108,54
109,22
110,63
111,34
112,29
113,2
114,4
115,11
116,35
117,26
118,25
119,17
120,36
121,60
122,32
123,14
124,26
125,30
126,16
127,4
128,32
129,7
130,26
131,15
132,56
133,10
134,40
135,8
136,5
137,29
138,26
139,26
140,9
141,5
142,27
143,12
144,27
145,26
146,26
147,29
148,2
149,14
150,14
151,12
152,19
153,9
154,11
155,18
156,5
157,27
158,7
159,20
160,31
161,5
162,21
163,16
164,58
165,4
166,21
167,27
168,17
169,22
170,42
171,15
172,32
173,6
174,21
175,30
176,34
177,7
178,32
179,5
180,6
181,34
182,19
183,35
184,14
185,34
186,19
187,30
188,19
189,9
190,33
191,11
192,6
193,19
194,24
195,16
196,101
197,28
198,7
199,26
200,14
201,5
202,6
203,36
204,59
205,17
206,33
207,8
208,16
209,26
210,9
211,8
212,16
213,6
214,12
215,21
216,11
217,12
218,11
219,100
220,25
221,24
222,28
223,37
224,4
225,18
226,19
227,38
228,9
229,13
230,26
231,22
232,32
233,37
234,36
235,24
236,50
237,32
238,33
239,22
240,29
241,126
242,18
243,37
244,2
245,10
246,10
247,8
248,5
249,175
250,19
251,20
252,32
253,13
254,31
255,28
256,39
257,4
258,29
259,8
260,17
261,34
262,71
263,22
264,26
265,4
266,74
267,25
268,30
269,7
270,20
271,23
272,27
273,2
274,22
275,10
276,31
277,12
278,22
279,37
280,11
281,28
282,7
283,6
284,10
285,15
286,15
287,23
288,1
289,19
290,8
291,40
292,2
293,27
294,32
295,5
296,107
297,89
298,5
299,25
300,9
301,5
302,19
303,5
304,25
305,27
306,18
307,62
308,95
309,11
310,22
311,20
312,22
313,20
314,9
315,6
316,33
317,3
318,3
319,26
320,3
321,25
322,51
323,29
324,24
325,28
326,17
327,8
328,26
329,18
330,29
331,49
332,36
333,21
334,7
335,20
336,29
337,23
338,29
339,5
340,11
341,12
342,50
343,42
344,25
345,25
346,34
347,105
348,36
349,8
350,10
351,8
352,4
353,3
354,22
355,14
356,21
357,10
358,29
359,113
360,10
361,10
362,16
363,30
364,35
365,19
366,34
367,31
368,20
369,7
370,10
371,77
372,11
373,19
374,5
375,18
376,12
377,34
378,6
379,29
380,23
381,38
382,26
383,17
384,32
385,5
386,11
387,27
388,31
389,19
390,41
391,19
392,8
393,33
394,73
395,14
396,31
397,54
398,3
399,13
400,17
401,6
402,7
403,29
404,22
405,5
406,59
407,31
408,8
409,28
410,14
411,5
412,10
413,23
414,29
415,2
416,3
417,75
418,10
419,27
420,8
421,7
422,17
423,68
424,11
425,15
426,17
427,34
428,7
429,24
430,6
431,14
432,14
433,29
434,8
435,56
436,7
437,28
438,18
439,13
440,32
441,32
442,10
443,81
444,15
445,31
446,20
447,4
448,25
449,31
450,6
451,74
452,7
453,14
454,27
455,25
456,8
457,12
458,12
459,16
460,33
461,3
462,6
463,27
464,19
465,67
466,14
467,11
468,19
469,7
470,8
471,15
472,24
473,15
474,30
475,32
476,9
477,10
478,32
479,13
480,25
481,26
482,55
483,10
484,22
485,9
486,31
487,11
488,17
489,62
490,7
491,8
492,31
493,19
494,6
495,5
496,4
497,7
498,56
499,24
500,18
501,36
502,16
503,5
504,6
505,31
506,32
507,8
508,10
509,56
510,28
511,13
512,56
513,12
514,12
515,12
516,59
517,9
518,22
519,32
520,52
521,54
522,34
523,25
524,27
525,5
526,2
527,12
528,19
529,34
530,19
531,22
532,49
533,31
534,151
535,9
536,14
537,75
538,14
539,20
540,78
541,4
542,18
543,7
544,7
545,63
546,26
547,33
548,13
549,41
550,29
551,11
552,34
553,31
554,34
555,8
556,16
557,30
558,15
559,8
560,8
561,31
562,20
563,62
564,27
565,32
566,11
567,13
568,16
569,27
570,28
571,19
572,10
573,8
574,137
575,50
576,29
577,7
578,9
579,19
580,11
581,10
582,6
583,20
584,17
585,26
586,31
587,4
588,33
589,6
590,16
591,36
592,21
593,26
594,8
595,13
596,8
597,60
598,24
599,19
600,14
601,58
602,59
603,13
604,22
605,5
606,16
607,16
608,11
609,35
610,22
611,25
612,9
613,22
614,13
615,31
616,22
617,12
618,15
619,39
620,24
621,9
622,14
623,2
624,27
625,23
626,19
627,14
628,2
629,16
630,20
631,10
632,11
633,81
634,26
635,11
636,3
637,13
638,28
639,14
640,15
641,15
642,8
643,34
644,10
645,26
646,28
647,26
648,57
649,22
650,32
651,29
652,4
653,12
654,38
655,25
656,28
657,5
658,36
659,29
660,11
661,30
662,12
663,17
664,11
665,27
666,12
667,26
668,33
669,55
670,6
671,23
672,43
673,12
674,99
675,5
676,13
677,6
678,5
679,9
680,28
681,23
682,13
683,57
684,12
685,8
686,30
687,10
688,9
689,20
690,31
691,29
692,20
693,3
694,18
695,7
696,4
697,23
698,20
699,15
700,24
701,4
702,11
703,29
704,10
705,13
706,16
707,3
708,11
709,13
710,7
711,23
712,24
713,27
714,8
715,25
716,7
717,3
718,85
719,28
720,20
721,21
722,11
723,77
724,21
725,22
726,8
727,28
728,4
729,21
730,16
731,25
732,27
733,8
734,4
735,24
736,27
737,8
738,33
739,16
740,6
741,12
742,9
743,42
744,26
745,14
746,35
747,9
748,34
749,74
750,27
751,15
752,15
753,12
754,10
755,23
756,25
757,35
758,30
759,51
760,64
761,18
762,11
763,36
764,50
765,54
766,36
767,15
768,21
769,13
770,5
771,5
772,12
773,64
774,10
775,9
776,10
777,5
778,34
779,27
780,19
781,28
782,16
783,43
784,57
785,16
786,24
787,26
788,12
789,6
790,90
791,25
792,13
793,29
794,21
795,39
796,14
797,28
798,15
799,17
800,31
801,30
802,11
803,8
804,3
805,55
806,33
807,12
808,22
809,6
810,40
811,14
812,7
813,34
814,11
815,5
816,2
817,14
818,30
819,9
820,36
821,17
822,4
823,140
824,21
825,18
826,18
827,27
828,10
829,9
830,51
831,25
832,11
833,21
834,29
835,10
836,7
837,21
838,11
839,34
840,14
841,33
842,12
843,15
844,28
845,31
846,30
847,4
848,19
849,18
850,16
851,36
852,23
853,31
854,10
855,26
856,28
857,24
858,30
859,26
860,18
861,24
862,11
863,67
864,37
865,8
866,3
867,4
868,17
869,6
870,15
871,5
872,19
873,25
874,10
875,25
876,31
877,23
878,78
879,6
880,52
881,4
882,13
883,18
884,6
885,24
886,4
887,25
888,15
889,33
890,30
891,22
892,29
893,3
894,36
895,25
896,35
897,13
898,19
899,14
900,71
901,23
902,11
903,17
904,3
905,9
906,35
907,18
908,98
909,11
910,22
911,31
912,3
913,3
914,12
915,167
916,11
917,10
918,33
919,29
920,28
921,38
922,32
923,10
924,3
925,40
926,17
927,9
928,32
929,11
930,13
931,3
932,6
933,33
934,28
935,17
936,19
937,12
938,30
939,23
940,17
941,23
942,16
943,6
944,13
945,17
946,28
947,23
948,23
949,22
950,9
951,36
952,24
953,5
954,161
955,5
956,20
957,10
958,5
959,104
960,32
961,85
962,17
963,19
964,33
965,22
966,7
967,34
968,30
969,10
970,17
971,70
972,20
973,24
974,30
975,12
976,31
977,32
978,29
979,101
980,5
981,9
982,14
983,9
984,4
985,13
986,26
987,20
988,13
989,4
990,13
991,40
992,32
993,30
994,9
995,7
996,13
997,14
998,20
999,9
1000,4
1001,7
1002,13
1003,65
1004,20
1005,27
1006,29
1007,29
1008,8
1009,21
1010,41
1011,11
1012,16
1013,28
1014,15
1015,21
1016,13
1017,29
1018,18
1019,151
1020,9
1021,25
1022,11
1023,44
1024,25
1025,25
1026,12
1027,19
1028,30
1029,19
1030,37
1031,1
1032,8
1033,16
1034,7
1035,33
1036,31
1037,7
1038,19
1039,69
1040,2
1041,13
1042,27
1043,34
1044,61
1045,4
1046,26
1047,43
1048,13
1049,35
1050,13
1051,5
1052,20
1053,8
1054,50
1055,33
1056,9
1057,65
1058,8
1059,11
1060,27
1061,23
1062,25
1063,19
1064,23
1065,11
1066,9
1067,14
1068,30
1069,18
1070,29
1071,14
1072,32
1073,12
1074,15
1075,28
1076,19
1077,91
1078,4
1079,12
1080,7
1081,23
1082,10
1083,9
1084,4
1085,11
1086,27
1087,22
1088,19
1089,23
1090,19
1091,15
1092,13
1093,6
1094,24
1095,26
1096,18
1097,43
1098,22
1099,12
1100,15
1101,56
1102,8
1103,8
1104,45
1105,52
1106,31
1107,26
1108,28
1109,9
1110,3
1111,21
1112,10
1113,10
1114,27
1115,8
1116,13
1117,1
1118,8
1119,16
1120,3
1121,25
1122,131
1123,129
1124,32
1125,8
1126,12
1127,12
1128,36
1129,83
1130,22
1131,30
1132,52
1133,4
1134,17
1135,6
1136,7
1137,77
1138,18
1139,4
1140,13
1141,17
1142,21
1143,14
1144,15
1145,25
1146,8
1147,15
1148,6
1149,19
1150,32
1151,53
1152,4
1153,16
1154,7
1155,25
1156,38
1157,62
1158,3
1159,6
1160,22
1161,130
1162,39
1163,30
1164,25
1165,16
1166,72
1167,37
1168,36
1169,6
1170,20
1171,56
1172,7
1173,21
1174,30
1175,10
1176,35
1177,22
1178,41
1179,13
1180,30
1181,20
1182,9
1183,12
1184,21
1185,37
1186,21
1187,37
1188,10
1189,56
1190,17
1191,2
1192,16
1193,14
1194,22
1195,20
1196,6
1197,4
1198,5
1199,59
1200,34
1201,9
1202,23
1203,9
1204,21
1205,31
1206,15
1207,7
1208,111
1209,4
1210,22
1211,18
1212,19
1213,22
1214,7
1215,26
1216,9
1217,71
1218,15
1219,40
1220,4
1221,5
1222,34
1223,8
1224,17
1225,64
1226,8
1227,23
1228,35
1229,7
1230,70
1231,16
1232,24
1233,11
1234,18
1235,53
1236,110
1237,17
1238,23
1239,24
1240,26
1241,11
1242,11
1243,20
1244,38
1245,16
1246,11
1247,25
1248,53
1249,33
1250,12
1251,12
1252,48
1253,36
1254,5
1255,15
1256,13
1257,31
1258,4
1259,55
1260,33
1261,26
1262,17
1263,265
1264,20
1265,21
1266,31
1267,7
1268,22
1269,38
1270,6
1271,9
1272,28
1273,24
1274,12
1275,36
1276,14
1277,23
1278,70
1279,55
1280,26
1281,29
1282,6
1283,8
1284,19
1285,6
1286,4
1287,10
1288,20
1289,24
1290,31
1291,18
1292,29
1293,17
1294,21
1295,17
1296,3
1297,7
1298,29
1299,34
1300,7
1301,29
1302,19
1303,25
1304,12
1305,25
1306,34
1307,5
1308,2
1309,7
1310,9
1311,7
1312,14
1313,5
1314,29
1315,16
1316,35
1317,9
1318,18
1319,14
1320,149
1321,27
1322,27
1323,17
1324,11
1325,12
1326,20
1327,20
1328,5
1329,14
1330,26
1331,23
1332,5
1333,30
1334,54
1335,22
1336,37
1337,25
1338,18
1339,33
1340,9
1341,33
1342,8
1343,28
1344,12
1345,34
1346,117
1347,8
1348,32
1349,8
1350,18
1351,7
1352,4
1353,28
1354,6
1355,5
1356,15
1357,23
1358,106
1359,35
1360,10
1361,28
1362,6
1363,32
1364,5
1365,22
1366,12
1367,7
1368,27
1369,12
1370,29
1371,4
1372,30
1373,4
1374,36
1375,7
1376,38
1377,50
1378,29
1379,19
1380,8
1381,5
1382,4
1383,15
1384,31
1385,23
1386,53
1387,14
1388,61
1389,19
1390,7
1391,11
1392,27
1393,39
1394,36
1395,31
1396,18
1397,22
1398,12
1399,16
1400,5
1401,6
1402,9
1403,25
1404,63
1405,12
1406,12
1407,4
1408,15
1409,28
1410,18
1411,23
1412,27
1413,1
1414,14
1415,16
1416,16
1417,15
1418,31
1419,1
1420,28
1421,5
1422,30
1423,14
1424,29
1425,39
1426,47
1427,19
1428,30
1429,61
1430,38
1431,11
1432,10
1433,14
1434,30
1435,7
1436,6
1437,20
1438,28
1439,11
1440,237
1441,10
1442,43
1443,16
1444,10
1445,27
1446,14
1447,11
1448,33
1449,11
1450,23
1451,30
1452,21
1453,19
1454,30
1455,5
1456,19
1457,26
1458,33
1459,9
1460,25
1461,39
1462,66
1463,24
1464,6
1465,27
1466,11
1467,28
1468,8
1469,64
1470,13
1471,9
1472,24
1473,28
1474,1
1475,13
1476,11
1477,28
1478,61
1479,3
1480,13
1481,17
1482,19
1483,18
1484,11
1485,45
1486,11
1487,23
1488,99
1489,16
1490,34
1491,7
1492,30
1493,9
1494,8
1495,11
1496,25
1497,6
1498,22
1499,62
1500,12
1501,16
1502,18
1503,27
1504,7
1505,3
1506,6
1507,4
1508,9
1509,18
1510,9
1511,7
1512,12
1513,8
1514,7
1515,16
1516,8
1517,36
1518,10
1519,22
1520,32
1521,8
1522,4
1523,28
1524,27
1525,69
1526,16
1527,26
1528,17
1529,18
1530,2
1531,37
1532,14
1533,32
1534,18
1535,30
1536,72
1537,10
1538,19
1539,24
1540,41
1541,20
1542,46
1543,24
1544,24
1545,19
1546,5
1547,37
1548,23
1549,17
1550,24
1551,30
1552,3
1553,21
1554,35
1555,13
1556,35
1557,22
1558,25
1559,33
1560,12
1561,7
1562,14
1563,26
1564,7
1565,35
1566,17
1567,18
1568,58
1569,16
1570,16
1571,41
1572,62
1573,7
1574,34
1575,16
1576,2
1577,29
1578,25
1579,35
1580,5
1581,23
1582,19
1583,23
1584,9
1585,28
1586,13
1587,33
1588,11
1589,9
1590,61
1591,13
1592,8
1593,23
1594,22
1595,8
1596,13
1597,15
1598,7
1599,6
1600,24
1601,23
1602,31
1603,46
1604,58
1605,6
1606,19
1607,16
1608,12
1609,64
1610,23
1611,10
1612,26
1613,22
1614,9
1615,57
1616,44
1617,59
1618,58
1619,31
1620,13
1621,14
1622,12
1623,14
1624,29
1625,25
1626,31
1627,23
1628,174
1629,15
1630,17
1631,10
1632,37
1633,15
1634,29
1635,25
1636,13
1637,32
1638,26
1639,18
1640,13
1641,33
1642,34
1643,9
1644,19
1645,31
1646,32
1647,28
1648,14
1649,4
1650,36
1651,30
1652,21
1653,11
1654,16
1655,18
1656,17
1657,5
1658,24
1659,7
1660,2
1661,8
1662,61
1663,23
1664,36
1665,19
1666,28
1667,12
1668,15
1669,22
1670,11
1671,9
1672,19
1673,10
1674,7
1675,1
1676,5
1677,24
1678,42
1679,6
1680,5
1681,21
1682,9
1683,34
1684,25
1685,30
1686,20
1687,34
1688,13
1689,21
1690,16
1691,27
1692,4
1693,17
1694,12
1695,14
1696,7
1697,22
1698,29
1699,14
1700,5
1701,16
1702,27
1703,14
1704,12
1705,23
1706,17
1707,22
1708,4
1709,4
1710,13
1711,17
1712,28
1713,29
1714,4
1715,27
1716,154
1717,9
1718,8
1719,10
1720,3
1721,44
1722,16
1723,37
1724,28
1725,12
1726,112
1727,36
1728,21
1729,25
1730,35
1731,17
1732,5
1733,10
1734,15
1735,29
1736,48
1737,20
1738,140
1739,12
1740,13
1741,28
1742,7
1743,8
1744,17
1745,6
1746,30
1747,6
1748,23
1749,9
1750,21
1751,11
1752,26
1753,18
1754,44
1755,18
1756,29
1757,42
1758,13
1759,21
1760,5
1761,35
1762,16
1763,70
1764,34
1765,19
1766,22
1767,6
1768,30
1769,14
1770,27
1771,21
1772,101
1773,12
1774,40
1775,6
1776,15
1777,34
1778,28
1779,33
1780,22
1781,8
1782,23
1783,12
1784,24
1785,6
1786,9
1787,11
1788,6
1789,35
1790,6
1791,29
1792,6
1793,9
1794,123
1795,10
1796,49
1797,10
1798,23
1799,7
1800,22
1801,11
1802,26
1803,4
1804,21
1805,26
1806,23
1807,8
1808,14
1809,4
1810,34
1811,25
1812,28
1813,21
1814,23
1815,12
1816,18
1817,35
1818,38
1819,24
1820,20
1821,5
1822,8
1823,38
1824,59
1825,11
1826,21
1827,59
1828,30
1829,90
1830,20
1831,18
1832,28
1833,34
1834,27
1835,25
1836,7
1837,13
1838,25
1839,5
1840,14
1841,21
1842,38
1843,53
1844,26
1845,29
1846,15
1847,31
1848,15
1849,18
1850,5
1851,11
1852,4
1853,25
1854,9
1855,5
1856,12
1857,31
1858,112
1859,14
1860,15
1861,31
1862,9
1863,28
1864,32
1865,16
1866,23
1867,22
1868,27
1869,17
1870,27
1871,39
1872,11
1873,23
1874,27
1875,19
1876,32
1877,73
1878,26
1879,13
1880,44
1881,7
1882,12
1883,30
1884,20
1885,5
1886,4
1887,32
1888,18
1889,6
1890,14
1891,14
1892,23
1893,4
1894,27
1895,20
1896,59
1897,13
1898,6
1899,26
1900,8
1901,43
1902,16
1903,12
1904,14
1905,125
1906,21
1907,81
1908,10
1909,30
1910,62
1911,10
1912,13
1913,21
1914,21
1915,23
1916,33
1917,23
1918,18
1919,9
1920,9
1921,7
1922,57
1923,27
1924,15
1925,55
1926,6
1927,68
1928,64
1929,5
1930,12
1931,36
1932,25
1933,18
1934,26
1935,72
1936,15
1937,26
1938,4
1939,17
1940,34
1941,18
1942,16
1943,14
1944,41
1945,18
1946,22
1947,49
1948,37
1949,19
1950,49
1951,21
1952,16
1953,27
1954,18
1955,31
1956,14
1957,21
1958,31
1959,237
1960,15
1961,4
1962,21
1963,51
1964,13
1965,29
1966,17
1967,35
1968,29
1969,22
1970,14
1971,35
1972,9
1973,11
1974,41
1975,77
1976,39
1977,28
1978,33
1979,19
1980,32
1981,11
1982,24
1983,4
1984,21
1985,5
1986,9
1987,171
1988,22
1989,22
1990,8
1991,6
1992,25
1993,93
1994,12
1995,31
1996,15
1997,20
1998,11
1999,14
2000,19
2001,30
2002,4
2003,6
2004,7
2005,17
2006,147
2007,14
2008,7
2009,37
2010,70
2011,28
2012,5
2013,26
2014,17
2015,9
2016,42
2017,5
2018,54
2019,3
2020,47
2021,8
2022,2
2023,28
2024,6
2025,6
2026,28
2027,23
2028,9
2029,33
2030,16
2031,4
2032,17
2033,11
2034,31
2035,18
2036,32
2037,19
2038,14
2039,13
2040,35
2041,11
2042,4
2043,8
2044,10
2045,2
2046,30
2047,10
2048,29
2049,71
2050,22
2051,13
2052,9
2053,24
2054,22
2055,28
2056,26
2057,23
2058,107
2059,4
2060,59
2061,13
2062,58
2063,28
2064,20
2065,27
2066,27
2067,15
2068,62
2069,6
2070,26
2071,18
2072,12
2073,31
2074,21
2075,10
2076,3
2077,22
2078,22
2079,4
2080,29
2081,37
2082,30
2083,8
2084,38
2085,28
2086,21
2087,19
2088,27
2089,7
2090,18
2091,72
2092,8
2093,6
2094,77
2095,14
2096,19
2097,25
2098,15
2099,22
2100,3
2101,54
2102,20
2103,17
2104,28
2105,28
2106,31
2107,19
2108,30
2109,59
2110,5
2111,6
2112,24
2113,21
2114,41
2115,63
2116,3
2117,15
2118,20
2119,36
2120,55
2121,9
2122,26
2123,36
2124,13
2125,4
2126,4
2127,8
2128,27
2129,10
2130,53
2131,8
2132,21
2133,24
2134,20
2135,56
2136,6
2137,35
2138,15
2139,2
2140,6
2141,24
2142,14
2143,11
2144,43
2145,7
2146,16
2147,15
2148,10
2149,8
2150,24
2151,12
2152,25
2153,16
2154,16
2155,12
2156,14
2157,22
2158,38
2159,16
2160,33
2161,7
2162,32
2163,23
2164,44
2165,15
2166,31
2167,68
2168,232
2169,9
2170,18
2171,24
2172,33
2173,14
2174,32
2175,33
2176,29
2177,9
2178,24
2179,37
2180,5
2181,6
2182,15
2183,94
2184,23
2185,7
2186,17
2187,11
2188,14
2189,32
2190,14
2191,19
2192,26
2193,226
2194,29
2195,12
2196,55
2197,26
2198,30
2199,34
2200,64
2201,9
2202,5
2203,34
2204,23
2205,18
2206,7
2207,4
2208,7
2209,37
2210,28
2211,37
2212,22
2213,28
2214,2
2215,22
2216,8
2217,26
2218,22
2219,33
2220,55
2221,9
2222,3
2223,40
2224,28
2225,9
2226,7
2227,22
2228,28
2229,8
2230,25
2231,26
2232,40
2233,58
2234,13
2235,7
2236,32
2237,12
2238,9
2239,23
2240,4
2241,29
2242,4
2243,4
2244,35
2245,17
2246,5
2247,30
2248,51
2249,13
2250,19
2251,17
2252,8
2253,64
2254,23
2255,52
2256,28
2257,139
2258,82
2259,21
2260,17
2261,26
2262,7
2263,10
2264,28
2265,8
2266,29
2267,31
2268,29
2269,31
2270,7
2271,4
2272,3
2273,21
2274,3
2275,26
2276,5
2277,58
2278,37
2279,10
2280,36
2281,30
2282,13
2283,39
2284,21
2285,222
2286,15
2287,23
2288,13
2289,19
2290,31
2291,4
2292,10
2293,9
2294,12
2295,22
2296,47
2297,32
2298,11
2299,5
2300,12
2301,15
2302,5
2303,17
2304,25
2305,28
2306,21
2307,6
2308,27
2309,20
2310,9
2311,42
2312,27
2313,13
2314,9
2315,20
2316,13
2317,27
2318,15
2319,24
2320,6
2321,5
2322,21
2323,30
2324,11
2325,29
2326,20
2327,31
2328,38
2329,2
2330,15
2331,37
2332,7
2333,24
2334,12
2335,20
2336,7
2337,24
2338,6
2339,7
2340,28
2341,28
2342,4
2343,16
2344,18
2345,7
2346,10
2347,21
2348,19
2349,5
2350,11
2351,17
2352,26
2353,95
2354,6
2355,53
2356,33
2357,44
2358,34
2359,19
2360,24
2361,14
2362,5
2363,13
2364,44
2365,43
2366,3
2367,17
2368,24
2369,17
2370,18
2371,9
2372,28
2373,226
2374,4
2375,53
2376,11
2377,63
2378,3
2379,15
2380,7
2381,33
2382,32
2383,38
2384,30
2385,34
2386,67
2387,16
2388,41
2389,11
2390,39
2391,10
2392,36
2393,9
2394,16
2395,19
2396,14
2397,32
2398,9
2399,8
2400,60
2401,6
2402,29
2403,21
2404,31
2405,20
2406,41
2407,21
2408,8
2409,12
2410,20
2411,28
2412,22
2413,35
2414,24
2415,27
2416,6
2417,40
2418,38
2419,27
2420,24
2421,14
2422,41
2423,45
2424,7
2425,13
2426,29
2427,17
2428,14
2429,8
2430,23
2431,5
2432,34
2433,50
2434,13
2435,26
2436,19
2437,30
2438,34
2439,36
2440,8
2441,33
2442,23
2443,7
2444,7
2445,21
2446,19
2447,20
2448,28
2449,13
2450,28
2451,33
2452,11
2453,12
2454,17
2455,17
2456,16
2457,32
2458,28
2459,43
2460,27
2461,30
2462,310
2463,3
2464,8
2465,9
2466,25
2467,18
2468,9
2469,16
2470,68
2471,32
2472,23
2473,59
2474,10
2475,33
2476,34
2477,19
2478,5
2479,37
2480,7
2481,10
2482,23
2483,20
2484,158
2485,9
2486,10
2487,30
2488,10
2489,18
2490,5
2491,45
2492,8
2493,33
2494,17
2495,43
2496,9
2497,39
2498,51
2499,27
2500,8
2501,6
2502,6
2503,34
2504,50
2505,24
2506,31
2507,26
2508,30
2509,60
2510,21
2511,13
2512,32
2513,35
2514,35
2515,5
2516,12
2517,8
2518,16
2519,99
2520,20
2521,23
2522,147
2523,17
2524,14
2525,13
2526,69
2527,15
2528,11
2529,24
2530,13
2531,32
2532,16
2533,17
2534,15
2535,21
2536,4
2537,6
2538,26
2539,14
2540,58
2541,39
2542,7
2543,11
2544,27
2545,8
2546,62
2547,17
2548,28
2549,6
2550,31
2551,13
2552,29
2553,30
2554,32
2555,7
2556,18
2557,12
2558,15
2559,16
2560,33
2561,8
2562,24
2563,14
2564,10
2565,30
2566,26
2567,29
2568,4
2569,11
2570,10
2571,14
2572,15
2573,17
2574,20
2575,12
2576,9
2577,7
2578,3
2579,4
2580,6
2581,60
2582,29
2583,10
2584,10
2585,28
2586,14
2587,10
2588,10
2589,43
2590,16
2591,29
2592,63
2593,8
2594,3
2595,22
2596,15
2597,53
2598,1
2599,39
2600,21
2601,35
2602,12
2603,22
2604,38
2605,29
2606,5
2607,58
2608,3
2609,3
2610,11
2611,27
2612,8
2613,3
2614,64
2615,38
2616,3
2617,30
2618,23
2619,9
2620,14
2621,18
2622,13
2623,12
2624,22
2625,24
2626,26
2627,61
2628,30
2629,16
2630,11
2631,5
2632,31
2633,71
2634,15
2635,37
2636,4
2637,15
2638,15
2639,15
2640,3
2641,10
2642,9
2643,31
2644,24
2645,25
2646,34
2647,10
2648,32
2649,13
2650,7
2651,18
2652,25
2653,30
2654,27
2655,21
2656,10
2657,29
2658,29
2659,32
2660,61
2661,62
2662,28
2663,23
2664,12
2665,9
2666,58
2667,5
2668,31
2669,19
2670,29
2671,14
2672,36
2673,18
2674,13
2675,20
2676,15
2677,8
2678,4
2679,58
2680,23
2681,8
2682,36
2683,30
2684,12
2685,8
2686,33
2687,57
2688,5
2689,31
2690,6
2691,33
2692,42
2693,16
2694,69
2695,21
2696,129
2697,37
2698,67
2699,24
2700,26
2701,19
2702,23
2703,28
2704,41
2705,88
2706,8
2707,29
2708,35
2709,5
2710,18
2711,5
2712,9
2713,9
2714,27
2715,16
2716,7
2717,8
2718,23
2719,6
2720,23
2721,36
2722,67
2723,8
2724,7
2725,6
2726,31
2727,8
2728,12
2729,13
2730,34
2731,8
2732,6
2733,17
2734,9
2735,4
2736,11
2737,67
2738,19
2739,31
2740,24
2741,41
2742,158
2743,23
2744,6
2745,7
2746,19
2747,25
2748,18
2749,30
2750,51
2751,26
2752,5
2753,13
2754,53
2755,17
2756,25
2757,35
2758,33
2759,19
2760,7
2761,79
2762,12
2763,7
2764,9
2765,3
2766,24
2767,20
2768,38
2769,7
2770,14
2771,71
2772,16
2773,20
2774,7
2775,5
2776,67
2777,24
2778,26
2779,31
2780,3
2781,5
2782,131
2783,34
2784,3
2785,2
2786,34
2787,16
2788,12
2789,5
2790,5
2791,8
2792,5
2793,13
2794,28
2795,15
2796,17
2797,16
2798,58
2799,10
2800,27
2801,29
2802,9
2803,53
2804,33
2805,3
2806,54
2807,7
2808,34
2809,10
2810,8
2811,37
2812,24
2813,13
2814,29
2815,5
2816,32
2817,30
2818,29
2819,24
2820,9
2821,27
2822,1
2823,7
2824,4
2825,281
2826,33
2827,31
2828,16
2829,18
2830,25
2831,20
2832,39
2833,18
2834,20
2835,16
2836,30
2837,65
2838,12
2839,5
2840,23
2841,26
2842,23
2843,42
2844,27
2845,55
2846,33
2847,19
2848,22
2849,30
2850,7
2851,55
2852,25
2853,13
2854,32
2855,12
2856,37
2857,17
2858,3
2859,15
2860,14
2861,5
2862,18
2863,18
2864,15
2865,6
2866,21
2867,75
2868,17
2869,14
2870,18
2871,17
2872,15
2873,14
2874,15
2875,21
2876,41
2877,20
2878,13
2879,6
2880,15
2881,1
2882,29
2883,6
2884,6
2885,1
2886,16
2887,21
2888,19
2889,25
2890,36
2891,24
2892,3
2893,100
2894,7
2895,6
2896,29
2897,100
2898,137
2899,15
2900,17
2901,30
2902,28
2903,11
2904,29
2905,13
2906,8
2907,15
2908,14
2909,7
2910,25
2911,31
2912,34
2913,19
2914,12
2915,32
2916,31
2917,33
2918,9
2919,6
2920,18
2921,18
2922,15
2923,38
2924,28
2925,30
2926,20
2927,12
2928,24
2929,56
2930,33
2931,13
2932,16
2933,5
2934,21
2935,65
2936,3
2937,25
2938,13
2939,12
2940,5
2941,19
2942,11
2943,32
2944,13
2945,6
2946,7
2947,19
2948,12
2949,13
2950,15
2951,27
2952,14
2953,91
2954,18
2955,4
2956,7
2957,10
2958,145
2959,6
2960,33
2961,26
2962,12
2963,8
2964,20
2965,66
2966,13
2967,18
2968,32
2969,34
2970,29
2971,3
2972,10
2973,17
2974,18
2975,9
2976,25
2977,16
2978,35
2979,14
2980,32
2981,31
2982,45
2983,18
2984,8
2985,28
2986,29
2987,12
2988,101
2989,5
2990,26
2991,30
2992,8
2993,45
2994,4
2995,64
2996,10
2997,11
2998,8
2999,96
3000,34
3001,25
3002,20
3003,19
3004,33
3005,14
3006,17
3007,7
3008,21
3009,24
3010,27
3011,21
3012,13
3013,61
3014,32
3015,8
3016,6
3017,46
3018,189
3019,8
3020,10
3021,6
3022,39
3023,3
3024,25
3025,5
3026,97
3027,9
3028,63
3029,50
3030,5
3031,34
3032,9
3033,7
3034,11
3035,12
3036,25
3037,12
3038,15
3039,15
3040,10
3041,3
3042,22
3043,23
3044,38
3045,22
3046,30
3047,13
3048,22
3049,13
3050,23
3051,12
3052,14
3053,16
3054,19
3055,17
3056,12
3057,25
3058,14
3059,26
3060,11
3061,9
3062,60
3063,26
3064,32
3065,28
3066,31
3067,3
3068,34
3069,10
3070,21
3071,6
3072,30
3073,13
3074,9
3075,35
3076,20
3077,7
3078,30
3079,62
3080,10
3081,26
3082,25
3083,32
3084,19
3085,6
3086,21
3087,25
3088,7
3089,81
3090,11
3091,29
3092,7
3093,15
3094,33
3095,15
3096,14
3097,38
3098,34
3099,4
3100,29
3101,5
3102,17
3103,30
3104,17
3105,5
3106,15
3107,28
3108,9
3109,12
3110,3
3111,13
3112,16
3113,7
3114,59
3115,21
3116,16
3117,13
3118,7
3119,35
3120,7
3121,6
3122,39
3123,4
3124,7
3125,67
3126,19
3127,12
3128,33
3129,56
3130,56
3131,9
3132,35
3133,16
3134,3
3135,24
3136,17
3137,12
3138,3
3139,25
3140,23
3141,32
3142,26
3143,19
3144,57
3145,54
3146,12
3147,26
3148,12
3149,21
3150,10
3151,24
3152,30
3153,27
3154,13
3155,19
3156,3
3157,5
3158,36
3159,12
3160,8
3161,67
3162,28
3163,24
3164,23
3165,61
3166,26
3167,6
3168,12
3169,25
3170,33
3171,34
3172,108
3173,61
3174,29
3175,88
3176,59
3177,10
3178,18
3179,16
3180,30
3181,10
3182,20
3183,32
3184,18
3185,31
3186,22
3187,6
3188,18
3189,33
3190,27
3191,43
3192,7
3193,3
3194,32
3195,18
3196,63
3197,37
3198,21
3199,24
3200,18
3201,8
3202,16
3203,6
3204,34
3205,20
3206,144
3207,44
3208,8
3209,39
3210,10
3211,72
3212,21
3213,6
3214,9
3215,4
3216,29
3217,20
3218,21
3219,26
3220,30
3221,2
3222,25
3223,59
3224,5
3225,14
3226,9
3227,17
3228,14
3229,7
3230,8
3231,16
3232,23
3233,38
3234,11
3235,20
3236,30
3237,9
3238,25
3239,28
3240,8
3241,18
3242,22
3243,28
3244,6
3245,15
3246,10
3247,20
3248,69
3249,83
3250,11
3251,19
3252,9
3253,30
3254,11
3255,61
3256,36
3257,12
3258,36
3259,55
3260,4
3261,5
3262,6
3263,12
3264,23
3265,31
3266,9
3267,71
3268,31
3269,8
3270,21
3271,11
3272,5
3273,28
3274,5
3275,23
3276,37
3277,40
3278,4
3279,4
3280,25
3281,4
3282,7
3283,29
3284,30
3285,8
3286,12
3287,109
3288,10
3289,53
3290,27
3291,28
3292,31
3293,61
3294,4
3295,15
3296,67
3297,13
3298,28
3299,27
3300,5
3301,14
3302,19
3303,12
3304,11
3305,125
3306,10
3307,31
3308,3
3309,23
3310,104
3311,26
3312,29
3313,32
3314,15
3315,6
3316,3
3317,14
3318,26
3319,57
3320,28
3321,24
3322,14
3323,15
3324,5
3325,50
3326,11
3327,15
3328,21
3329,9
3330,7
3331,9
3332,71
3333,22
3334,49
3335,68
3336,13
3337,28
3338,11
3339,5
3340,13
3341,10
3342,8
3343,20
3344,21
3345,23
3346,17
3347,7
3348,12
3349,30
3350,75
3351,22
3352,2
3353,13
3354,8
3355,245
3356,6
3357,19
3358,28
3359,3
3360,27
3361,23
3362,12
3363,2
3364,14
3365,3
3366,6
3367,14
3368,31
3369,19
3370,27
3371,18
3372,13
3373,11
3374,35
3375,106
3376,27
3377,119
3378,22
3379,11
3380,32
3381,10
3382,27
3383,24
3384,7
3385,15
3386,13
3387,59
3388,25
3389,34
3390,25
3391,6
3392,6
3393,22
3394,4
3395,8
3396,44
3397,6
3398,22
3399,68
3400,16
3401,21
3402,30
3403,8
3404,20
3405,8
3406,26
3407,25
3408,60
3409,35
3410,15
3411,29
3412,24
3413,33
3414,27
3415,40
3416,9
3417,119
3418,6
3419,13
3420,33
3421,32
3422,67
3423,16
3424,14
3425,4
3426,20
3427,49
3428,6
3429,18
3430,18
3431,13
3432,7
3433,11
3434,37
3435,16
3436,25
3437,18
3438,33
3439,8
3440,20
3441,5
3442,6
3443,29
3444,20
3445,8
3446,11
3447,15
3448,42
3449,41
3450,19
3451,15
3452,14
3453,14
3454,16
3455,5
3456,27
3457,19
3458,103
3459,37
3460,10
3461,31
3462,26
3463,13
3464,20
3465,26
3466,27
3467,7
3468,37
3469,24
3470,2
3471,20
3472,27
3473,21
3474,34
3475,9
3476,24
3477,42
3478,40
3479,24
3480,14
3481,3
3482,9
3483,12
3484,54
3485,14
3486,6
3487,14
3488,11
3489,14
3490,18
3491,14
3492,4
3493,5
3494,8
3495,13
3496,9
3497,21
3498,6
3499,32
3500,43
3501,10
3502,7
3503,14
3504,25
3505,11
3506,13
3507,26
3508,29
3509,12
3510,15
3511,13
3512,4
3513,30
3514,29
3515,11
3516,24
3517,13
3518,5
3519,12
3520,52
3521,34
3522,33
3523,12
3524,26
3525,21
3526,11
3527,10
3528,64
3529,62
3530,7
3531,4
3532,33
3533,4
3534,7
3535,6
3536,31
3537,22
3538,258
3539,14
3540,47
3541,20
3542,15
3543,78
3544,26
3545,29
3546,37
3547,25
3548,28
3549,66
3550,22
3551,10
3552,29
3553,11
3554,6
3555,71
3556,58
3557,7
3558,3
3559,4
3560,38
3561,63
3562,44
3563,18
3564,22
3565,17
3566,31
3567,22
3568,23
3569,10
3570,14
3571,3
3572,22
3573,25
3574,21
3575,248
3576,5
3577,5
3578,28
3579,26
3580,60
3581,37
3582,15
3583,13
3584,34
3585,6
3586,5
3587,18
3588,6
3589,27
3590,19
3591,12
3592,12
3593,16
3594,22
3595,61
3596,12
3597,56
3598,28
3599,33
3600,10
3601,3
3602,6
3603,13
3604,32
3605,33
3606,15
3607,45
3608,23
3609,28
3610,25
3611,8
3612,25
3613,19
3614,18
3615,24
3616,20
3617,16
3618,32
3619,16
3620,49
3621,30
3622,3
3623,14
3624,18
3625,29
3626,5
3627,9
3628,17
3629,53
3630,4
3631,58
3632,4
3633,40
3634,7
3635,7
3636,13
3637,11
3638,10
3639,10
3640,26
3641,8
3642,7
3643,10
3644,5
3645,45
3646,22
3647,17
3648,27
3649,81
3650,25
3651,29
3652,30
3653,18
3654,5
3655,18
3656,8
3657,4
3658,31
3659,8
3660,7
3661,2
3662,9
3663,16
3664,27
3665,30
3666,8
3667,12
3668,4
3669,1
3670,30
3671,3
3672,11
3673,44
3674,11
3675,20
3676,18
3677,23
3678,12
3679,26
3680,37
3681,12
3682,22
3683,28
3684,9
3685,17
3686,8
3687,28
3688,31
3689,22
3690,46
3691,5
3692,39
3693,23
3694,33
3695,9
3696,30
3697,20
3698,27
3699,76
3700,33
3701,24
3702,12
3703,14
3704,22
3705,17
3706,28
3707,11
3708,5
3709,6
3710,15
3711,11
3712,40
3713,8
3714,12
3715,15
3716,7
3717,11
3718,13
3719,29
3720,12
3721,5
3722,28
3723,7
3724,47
3725,77
3726,11
3727,41
3728,18
3729,60
3730,23
3731,35
3732,20
3733,10
3734,28
3735,11
3736,40
3737,27
3738,24
3739,52
3740,37
3741,27
3742,62
3743,18
3744,58
3745,22
3746,14
3747,38
3748,78
3749,16
3750,21
3751,9
3752,18
3753,61
3754,66
3755,18
3756,2
3757,30
3758,3
3759,10
3760,30
3761,3
3762,12
3763,25
3764,10
3765,6
3766,13
3767,30
3768,20
3769,36
3770,8
3771,10
3772,5
3773,20
3774,62
3775,3
3776,24
3777,31
3778,4
3779,10
3780,36
3781,15
3782,2
3783,20
3784,21
3785,28
3786,63
3787,11
3788,11
3789,46
3790,38
3791,24
3792,22
3793,24
3794,13
3795,26
3796,28
3797,27
3798,13
3799,13
3800,16
3801,56
3802,86
3803,66
3804,21
3805,29
3806,7
3807,15
3808,20
3809,67
3810,18
3811,162
3812,7
3813,7
3814,34
3815,18
3816,25
3817,16
3818,3
3819,16
3820,9
3821,18
3822,27
3823,28
3824,22
3825,30
3826,47
3827,9
3828,24
3829,5
3830,15
3831,62
3832,58
3833,57
3834,55
3835,34
3836,30
3837,3
3838,8
3839,13
3840,13
3841,15
3842,7
3843,57
3844,6
3845,31
3846,41
3847,27
3848,19
3849,21
3850,4
3851,5
3852,11
3853,14
3854,11
3855,72
3856,5
3857,20
3858,13
3859,22
3860,14
3861,12
3862,62
3863,70
3864,11
3865,51
3866,17
3867,38
3868,26
3869,23
3870,25
3871,24
3872,11
3873,16
3874,36
3875,38
3876,15
3877,19
3878,10
3879,29
3880,52
3881,13
3882,6
3883,61
3884,19
3885,21
3886,8
3887,9
3888,20
3889,8
3890,26
3891,9
3892,30
3893,8
3894,5
3895,27
3896,13
3897,11
3898,28
3899,31
3900,41
3901,47
3902,21
3903,11
3904,21
3905,72
3906,13
3907,23
3908,8
3909,42
3910,34
3911,32
3912,30
3913,41
3914,2
3915,6
3916,29
3917,44
3918,6
3919,37
3920,29
3921,10
3922,23
3923,24
3924,5
3925,9
3926,36
3927,5
3928,5
3929,6
3930,33
3931,5
3932,4
3933,6
3934,25
3935,7
3936,34
3937,4
3938,7
3939,37
3940,7
3941,14
3942,5
3943,5
3944,9
3945,27
3946,15
3947,14
3948,32
3949,36
3950,11
3951,8
3952,16
3953,4
3954,4
3955,69
3956,83
3957,35
3958,12
3959,22
3960,28
3961,66
3962,6
3963,5
3964,3
3965,20
3966,7
3967,9
3968,23
3969,23
3970,6
3971,10
3972,38
3973,11
3974,16
3975,7
3976,64
3977,4
3978,79
3979,20
3980,9
3981,33
3982,15
3983,8
3984,24
3985,10
3986,24
3987,21
3988,43
3989,12
3990,20
3991,28
3992,18
3993,3
3994,7
3995,9
3996,27
3997,6
3998,47
3999,31
4000,6
4001,19
4002,48
4003,2
4004,70
4005,17
4006,3
4007,29
4008,49
4009,19
4010,11
4011,48
4012,18
4013,26
4014,83
4015,36
4016,9
4017,24
4018,24
4019,8
4020,9
4021,35
4022,5
4023,25
4024,27
4025,31
4026,47
4027,31
4028,28
4029,27
4030,21
4031,26
4032,7
4033,48
4034,23
4035,9
4036,26
4037,20
4038,34
4039,7
4040,32
4041,15
4042,34
4043,29
4044,38
4045,15
4046,6
4047,14
4048,34
4049,6
4050,12
4051,9
4052,20
4053,8
4054,25
4055,23
4056,8
4057,103
4058,26
4059,10
4060,17
4061,16
4062,63
4063,11
4064,12
4065,7
4066,10
4067,10
4068,27
4069,26
4070,13
4071,24
4072,87
4073,8
4074,103
4075,22
4076,7
4077,3
4078,29
4079,5
4080,16
4081,12
4082,38
4083,30
4084,508
4085,50
4086,18
4087,19
4088,21
4089,18
4090,14
4091,28
4092,6
4093,20
4094,31
4095,26
4096,22
4097,15
4098,15
4099,26
4100,34
4101,13
4102,16
4103,28
4104,5
4105,4
4106,22
4107,8
4108,18
4109,21
4110,13
4111,40
4112,22
4113,27
4114,41
4115,33
4116,28
4117,4
4118,8
4119,28
4120,4
4121,7
4122,31
4123,11
4124,5
4125,22
4126,67
4127,11
4128,8
4129,9
4130,4
4131,15
4132,5
4133,12
4134,35
4135,6
4136,34
4137,2
4138,33
4139,11
4140,6
4141,38
4142,32
4143,13
4144,25
4145,4
4146,36
4147,7
4148,32
4149,24
4150,25
4151,33
4152,8
4153,18
4154,48
4155,22
4156,29
4157,33
4158,11
4159,4
4160,29
4161,30
4162,19
4163,9
4164,62
4165,13
4166,13
4167,34
4168,9
4169,27
4170,13
4171,26
4172,46
4173,59
4174,26
4175,17
4176,16
4177,10
4178,23
4179,27
4180,13
4181,3
4182,7
4183,10
4184,7
4185,21
4186,29
4187,6
4188,24
4189,6
4190,13
4191,53
4192,7
4193,34
4194,14
4195,5
4196,38
4197,5
4198,14
4199,11
4200,22
4201,4
4202,33
4203,23
4204,47
4205,22
4206,28
4207,27
4208,28
4209,20
4210,32
4211,28
4212,22
4213,26
4214,11
4215,5
4216,10
4217,18
4218,5
4219,5
4220,10
4221,28
4222,35
4223,36
4224,10
4225,32
4226,7
4227,10
4228,15
4229,8
4230,16
4231,30
4232,5
4233,5
4234,38
4235,24
4236,12
4237,32
4238,24
4239,33
4240,28
4241,69
4242,29
4243,33
4244,7
4245,15
4246,24
4247,31
4248,7
4249,23
4250,26
4251,7
4252,10
4253,5
4254,25
4255,24
4256,9
4257,13
4258,35
4259,26
4260,17
4261,11
4262,27
4263,4
4264,60
4265,9
4266,5
4267,27
4268,15
4269,66
4270,36
4271,35
4272,11
4273,26
4274,34
4275,11
4276,26
4277,8
4278,29
4279,14
4280,29
4281,1
4282,34
4283,11
4284,9
4285,2
4286,5
4287,6
4288,10
4289,5
4290,11
4291,39
4292,17
4293,47
4294,5
4295,9
4296,13
4297,16
4298,192
4299,5
4300,16
4301,38
4302,24
4303,14
4304,18
4305,24
